tag,count,total,ratio
gender,6206,9174,0.6764770002180074
bearing,1149,9174,0.12524525833878353
profession,642,9174,0.06998037933289732
molka,459,9174,0.0500327011118378
metoo,290,9174,0.0316110747765424
abuse,204,9174,0.02223675604970569
demonize,163,9174,0.01776760409853935
trivialize,48,9174,0.005232177894048398
porn,13,9174,0.0014170481796381077
