tag,count,total,ratio
gender,6287,8849,0.7104757599728783
bearing,832,8849,0.09402192338117302
profession,577,8849,0.06520510792179908
molka,453,8849,0.05119222511018194
metoo,284,8849,0.03209402192338117
abuse,194,8849,0.0219233811730139
demonize,164,8849,0.01853316758955814
trivialize,47,8849,0.005311334614080687
porn,11,8849,0.0012430783139337777
