tag,count,total,ratio
gender,6313,8879,0.7110034913841649
bearing,833,8879,0.09381687126928709
profession,579,8879,0.06521004617637122
molka,454,8879,0.05113188422119608
metoo,284,8879,0.0319855839621579
abuse,194,8879,0.021849307354431805
demonize,164,8879,0.018470548485189774
trivialize,47,8879,0.005293388895145849
porn,11,8879,0.0012388782520554116
