tag,count,total,ratio
gender,721,1023,0.7047898338220919
bearing,95,1023,0.09286412512218964
profession,62,1023,0.06060606060606061
molka,54,1023,0.05278592375366569
metoo,32,1023,0.03128054740957967
abuse,23,1023,0.022482893450635387
demonize,20,1023,0.019550342130987292
trivialize,13,1023,0.01270772238514174
porn,3,1023,0.002932551319648094
