tag,count,total,ratio
gender,6304,8728,0.7222731439046746
bearing,815,8728,0.0933776351970669
profession,471,8728,0.05396425297891842
molka,454,8728,0.05201649862511457
metoo,284,8728,0.03253895508707608
abuse,176,8728,0.02016498625114574
demonize,166,8728,0.019019248395967
trivialize,47,8728,0.005384967919340055
porn,11,8728,0.0012603116406966087
