tag,count,total,ratio
gender,6296,8719,0.7221011583897236
bearing,815,8719,0.09347402225025805
profession,470,8719,0.05390526436517949
molka,454,8719,0.052070191535726576
metoo,284,8719,0.03257254272278931
abuse,176,8719,0.02018580112398211
demonize,166,8719,0.019038880605574033
trivialize,47,8719,0.005390526436517949
porn,11,8719,0.0012616125702488818
