tag,count,total,ratio
gender,6303,8867,0.7108379384233675
bearing,833,8867,0.0939438366978685
profession,578,8867,0.06518551934137815
molka,453,8867,0.051088304950941694
metoo,284,8867,0.03202887109507161
abuse,194,8867,0.02187887673395737
demonize,164,8867,0.018495545280252622
trivialize,47,8867,0.005300552610804105
porn,11,8867,0.0012405548663584076
