tag,count,total,ratio
gender,6290,8770,0.7172177879133409
bearing,818,8770,0.09327251995438997
profession,509,8770,0.0580387685290764
molka,458,8770,0.05222348916761688
metoo,284,8770,0.03238312428734322
abuse,189,8770,0.021550741163055873
demonize,165,8770,0.018814139110604332
trivialize,46,8770,0.00524515393386545
porn,11,8770,0.0012542759407069555
