tag,count,total,ratio
gender,6280,8757,0.7171405732556811
bearing,817,8757,0.09329679113851776
profession,507,8757,0.0578965399109284
molka,458,8757,0.05230101632979331
metoo,284,8757,0.032431197898823795
abuse,189,8757,0.02158273381294964
demonize,165,8757,0.01884206920178143
trivialize,46,8757,0.005252940504739066
porn,11,8757,0.0012561379467854288
