tag,count,total,ratio
gender,6294,8714,0.7222859765893964
bearing,814,8714,0.09341289878356668
profession,469,8714,0.053821436768418635
molka,454,8714,0.05210006885471655
metoo,284,8714,0.03259123249942621
abuse,176,8714,0.020197383520771172
demonize,165,8714,0.018935047050722974
trivialize,47,8714,0.0053936194629332105
porn,11,8714,0.0012623364700481983
