tag,count,total,ratio
gender,6289,8845,0.711023176936122
bearing,827,8845,0.09349915206331261
profession,573,8845,0.0647823629169022
molka,455,8845,0.05144149236856981
metoo,284,8845,0.03210853589598643
abuse,194,8845,0.02193329564725834
demonize,165,8845,0.018654607122668174
trivialize,47,8845,0.005313736574335783
porn,11,8845,0.001243640474844545
