tag,count,total,ratio
gender,545,784,0.6951530612244898
bearing,77,784,0.09821428571428571
molka,49,784,0.0625
profession,32,784,0.04081632653061224
metoo,28,784,0.03571428571428571
abuse,19,784,0.02423469387755102
demonize,19,784,0.02423469387755102
trivialize,12,784,0.015306122448979591
porn,3,784,0.003826530612244898
