tag,count,total,ratio
gender,6267,8739,0.7171301064194988
bearing,817,8739,0.09348895754663004
profession,506,8739,0.05790136171186635
molka,454,8739,0.05195102414463897
metoo,284,8739,0.032497997482549494
abuse,189,8739,0.021627188465499485
demonize,165,8739,0.01888087881908685
trivialize,46,8739,0.005263760155624213
porn,11,8739,0.00125872525460579
