tag,count,total,ratio
gender,6315,8888,0.7105085508550855
bearing,834,8888,0.09383438343834384
profession,584,8888,0.06570657065706571
molka,453,8888,0.050967596759675965
metoo,285,8888,0.03206570657065706
abuse,194,8888,0.021827182718271828
demonize,165,8888,0.018564356435643563
trivialize,47,8888,0.005288028802880288
porn,11,8888,0.0012376237623762376
