tag,count,total,ratio
gender,6371,9036,0.7050686144311642
bearing,880,9036,0.09738822487826472
profession,610,9036,0.06750774679061532
molka,462,9036,0.05112881806108898
metoo,289,9036,0.031983178397521024
abuse,198,9036,0.021912350597609563
demonize,165,9036,0.018260292164674636
trivialize,49,9036,0.005422753430721558
porn,12,9036,0.0013280212483399733
