tag,count,total,ratio
gender,717,1018,0.7043222003929273
bearing,95,1018,0.09332023575638507
profession,62,1018,0.060903732809430254
molka,54,1018,0.05304518664047151
metoo,32,1018,0.03143418467583497
abuse,23,1018,0.022593320235756387
demonize,19,1018,0.018664047151277015
trivialize,13,1018,0.012770137524557957
porn,3,1018,0.0029469548133595285
