tag,count,total,ratio
gender,6318,8886,0.7110060769750168
bearing,833,8886,0.09374296646410084
profession,580,8886,0.0652712131442719
molka,455,8886,0.05120414134593743
metoo,284,8886,0.03196038712581589
abuse,194,8886,0.02183209543101508
demonize,164,8886,0.01845599819941481
trivialize,47,8886,0.005289218996173756
porn,11,8886,0.0012379023182534324
