tag,count,total,ratio
gender,6289,8852,0.7104609127880704
bearing,832,8852,0.09399005874378671
profession,578,8852,0.06529597830998644
molka,453,8852,0.05117487573429733
metoo,284,8852,0.032083145051965654
abuse,194,8852,0.0219159511974695
demonize,164,8852,0.01852688657930411
trivialize,47,8852,0.005309534568459106
porn,11,8852,0.0012426570266606417
