tag,count,total,ratio
gender,6286,8839,0.7111664215408983
bearing,827,8839,0.09356262020590564
profession,572,8839,0.06471320285100124
molka,454,8839,0.051363276388731754
metoo,284,8839,0.032130331485462155
abuse,194,8839,0.021948184183731193
demonize,164,8839,0.0185541350831542
trivialize,47,8839,0.005317343590903949
porn,11,8839,0.0012444846702115624
