tag,count,total,ratio
gender,6368,9032,0.7050487156775908
bearing,880,9032,0.09743135518157661
profession,609,9032,0.06742692648361381
molka,462,9032,0.05115146147032772
metoo,288,9032,0.03188662533215235
abuse,199,9032,0.02203277236492471
demonize,165,9032,0.018268379096545617
trivialize,49,9032,0.005425155004428698
porn,12,9032,0.001328609388839681
