tag,count,total,ratio
gender,6524,9537,0.6840725595050855
bearing,1164,9537,0.12205095942120163
profession,647,9537,0.06784104015937927
molka,477,9537,0.05001572821642026
metoo,290,9537,0.030407885079165357
abuse,206,9537,0.021600083883820908
demonize,166,9537,0.01740589283841879
trivialize,49,9537,0.005137884030617595
porn,14,9537,0.0014679668658907413
