tag,count,total,ratio
gender,721,1014,0.7110453648915187
bearing,93,1014,0.09171597633136094
profession,62,1014,0.0611439842209073
molka,49,1014,0.048323471400394474
metoo,33,1014,0.03254437869822485
abuse,23,1014,0.022682445759368838
demonize,20,1014,0.01972386587771203
trivialize,10,1014,0.009861932938856016
porn,3,1014,0.0029585798816568047
