tag,count,total,ratio
gender,6288,8851,0.7104282002033668
bearing,832,8851,0.09400067788950402
profession,578,8851,0.06530335555304485
molka,453,8851,0.05118065755281889
metoo,284,8851,0.03208676985651339
abuse,194,8851,0.021918427296350695
demonize,164,8851,0.018528979776296462
trivialize,47,8851,0.005310134448084963
porn,11,8851,0.0012427974240198847
