tag,count,total,ratio
gender,6287,8765,0.7172846548773532
bearing,817,8765,0.09321163719338277
profession,508,8765,0.05795778665145465
molka,458,8765,0.05225328009127211
metoo,284,8765,0.03240159726183685
abuse,189,8765,0.021563034797490017
demonize,165,8765,0.018824871648602397
trivialize,46,8765,0.005248146035367941
porn,11,8765,0.0012549914432401596
