tag,count,total,ratio
gender,6291,8709,0.7223561832586979
bearing,814,8709,0.093466528878172
profession,467,8709,0.0536226891721208
molka,454,8709,0.052129980479963256
metoo,284,8709,0.03260994373636468
abuse,176,8709,0.020208979216902054
demonize,165,8709,0.018945918015845678
trivialize,47,8709,0.005396716040877253
porn,11,8709,0.0012630612010563784
