tag,count,total,ratio
gender,6292,8711,0.7223051314430031
bearing,814,8711,0.09344506945241648
profession,468,8711,0.0537251750660085
molka,454,8711,0.05211801170933303
metoo,284,8711,0.03260245666398806
abuse,176,8711,0.020204339341063023
demonize,165,8711,0.018941568132246584
trivialize,47,8711,0.0053954769831247845
porn,11,8711,0.001262771208816439
