tag,count,total,ratio
gender,6282,8760,0.7171232876712329
bearing,817,8760,0.0932648401826484
profession,508,8760,0.05799086757990868
molka,458,8760,0.05228310502283105
metoo,284,8760,0.032420091324200914
abuse,189,8760,0.021575342465753426
demonize,165,8760,0.018835616438356163
trivialize,46,8760,0.005251141552511416
porn,11,8760,0.0012557077625570776
