tag,count,total,ratio
gender,6314,8881,0.7109559734264159
bearing,833,8881,0.09379574372255377
profession,579,8881,0.06519536088278347
molka,455,8881,0.05123296926021845
metoo,284,8881,0.03197838081297151
abuse,194,8881,0.021844386893367863
demonize,164,8881,0.018466388920166648
trivialize,47,8881,0.005292196824681905
porn,11,8881,0.001238599256840446
