tag,count,total,ratio
gender,704,999,0.7047047047047047
bearing,96,999,0.0960960960960961
molka,53,999,0.05305305305305305
profession,53,999,0.05305305305305305
metoo,34,999,0.03403403403403404
abuse,23,999,0.023023023023023025
demonize,20,999,0.02002002002002002
trivialize,13,999,0.013013013013013013
porn,3,999,0.003003003003003003
