tag,count,total,ratio
gender,6316,8884,0.7109410175596578
bearing,833,8884,0.09376407023863124
profession,580,8884,0.06528590724898695
molka,455,8884,0.051215668617739754
metoo,284,8884,0.031967582170193604
abuse,194,8884,0.021837010355695633
demonize,164,8884,0.01846015308419631
trivialize,47,8884,0.005290409725348942
porn,11,8884,0.0012381809995497524
