tag,count,total,ratio
gender,6290,8847,0.7109754719113824
bearing,827,8847,0.0934780151463773
profession,573,8847,0.06476771787046456
molka,455,8847,0.051429863230473605
metoo,284,8847,0.03210127726913078
abuse,195,8847,0.02204136995591726
demonize,165,8847,0.01865038996269922
trivialize,47,8847,0.005312535322708263
porn,11,8847,0.0012433593308466147
