tag,count,total,ratio
gender,6311,8877,0.7109383800833615
bearing,833,8877,0.0938380083361496
profession,579,8877,0.06522473808719162
molka,454,8877,0.051143404303255605
metoo,284,8877,0.031992790357102625
abuse,194,8877,0.021854230032668693
demonize,164,8877,0.01847470992452405
trivialize,47,8877,0.005294581502759942
porn,11,8877,0.0012391573729863693
