tag,count,total,ratio
gender,6311,8885,0.7102982554867755
bearing,838,8885,0.09431626336522228
profession,582,8885,0.06550365785030951
molka,453,8885,0.050984805852560496
metoo,284,8885,0.03196398424310636
abuse,194,8885,0.021834552616769837
demonize,165,8885,0.018570624648283626
trivialize,47,8885,0.0052898142937535175
porn,11,8885,0.0012380416432189083
