tag,count,total,ratio
gender,652,935,0.6973262032085561
bearing,96,935,0.10267379679144385
molka,53,935,0.05668449197860963
profession,41,935,0.04385026737967915
metoo,34,935,0.03636363636363636
abuse,23,935,0.02459893048128342
demonize,20,935,0.0213903743315508
trivialize,13,935,0.013903743315508022
porn,3,935,0.0032085561497326204
