tag,count,total,ratio
gender,717,1009,0.7106045589692765
bearing,93,1009,0.09217046580773043
profession,62,1009,0.061446977205153616
molka,48,1009,0.04757185332011893
metoo,33,1009,0.03270564915758176
abuse,23,1009,0.022794846382556987
demonize,20,1009,0.019821605550049554
trivialize,10,1009,0.009910802775024777
porn,3,1009,0.002973240832507433
