tag,count,total,ratio
gender,6299,8784,0.7170992714025501
bearing,819,8784,0.0932377049180328
profession,512,8784,0.058287795992714025
molka,458,8784,0.05214025500910747
metoo,284,8784,0.03233151183970856
abuse,189,8784,0.02151639344262295
demonize,165,8784,0.01878415300546448
trivialize,47,8784,0.0053506375227686705
porn,11,8784,0.0012522768670309653
