tag,count,total,ratio
gender,6367,9030,0.7050941306755261
bearing,880,9030,0.09745293466223699
profession,608,9030,0.06733111849390919
molka,462,9030,0.05116279069767442
metoo,288,9030,0.03189368770764119
abuse,199,9030,0.02203765227021041
demonize,165,9030,0.018272425249169437
trivialize,49,9030,0.005426356589147287
porn,12,9030,0.00132890365448505
