tag,count,total,ratio
gender,702,994,0.7062374245472837
bearing,95,994,0.09557344064386318
profession,62,994,0.06237424547283702
molka,48,994,0.0482897384305835
metoo,32,994,0.03219315895372234
abuse,23,994,0.023138832997987926
demonize,19,994,0.019114688128772636
trivialize,10,994,0.01006036217303823
porn,3,994,0.0030181086519114686
