tag,count,total,ratio
gender,6309,8881,0.7103929737642157
bearing,837,8881,0.09424614345231393
profession,582,8881,0.06553316068010359
molka,453,8881,0.05100776939533836
metoo,284,8881,0.03197838081297151
abuse,193,8881,0.021731786960927823
demonize,165,8881,0.018578988852606688
trivialize,47,8881,0.005292196824681905
porn,11,8881,0.001238599256840446
