tag,count,total,ratio
gender,6310,8876,0.7109058134294728
bearing,833,8876,0.09384858044164038
profession,579,8876,0.06523208652546192
molka,454,8876,0.05114916629112213
metoo,284,8876,0.03199639477242001
abuse,194,8876,0.02185669220369536
demonize,164,8876,0.018476791347453808
trivialize,47,8876,0.005295178008111762
porn,11,8876,0.0012392969806219018
