tag,count,total,ratio
gender,6295,8778,0.717133743449533
bearing,819,8778,0.09330143540669857
profession,510,8778,0.05809979494190021
molka,458,8778,0.05217589428115744
metoo,284,8778,0.032353611300979725
abuse,189,8778,0.0215311004784689
demonize,165,8778,0.018796992481203006
trivialize,47,8778,0.0053542948279790385
porn,11,8778,0.0012531328320802004
