tag,count,total,ratio
gender,718,1013,0.7087857847976308
bearing,95,1013,0.09378084896347483
profession,63,1013,0.06219151036525173
molka,48,1013,0.04738400789733465
metoo,33,1013,0.03257650542941757
abuse,23,1013,0.022704837117472853
demonize,20,1013,0.019743336623889437
trivialize,10,1013,0.009871668311944718
porn,3,1013,0.0029615004935834156
