tag,count,total,ratio
gender,6299,8783,0.7171809176818854
bearing,819,8783,0.09324832061937835
profession,511,8783,0.05818057611294546
molka,458,8783,0.05214619150631902
metoo,284,8783,0.0323351929864511
abuse,189,8783,0.021518843219856542
demonize,165,8783,0.01878629169987476
trivialize,47,8783,0.005351246726630992
porn,11,8783,0.0012524194466583172
