tag,count,total,ratio
gender,719,1020,0.7049019607843138
bearing,95,1020,0.09313725490196079
profession,62,1020,0.060784313725490195
molka,54,1020,0.052941176470588235
metoo,32,1020,0.03137254901960784
abuse,23,1020,0.022549019607843137
demonize,19,1020,0.018627450980392157
trivialize,13,1020,0.012745098039215686
porn,3,1020,0.0029411764705882353
