tag,count,total,ratio
gender,6313,8886,0.7104433941030835
bearing,838,8886,0.0943056493360342
profession,581,8886,0.06538374971865857
molka,453,8886,0.05097906819716408
metoo,284,8886,0.03196038712581589
abuse,194,8886,0.02183209543101508
demonize,165,8886,0.018568534773801486
trivialize,47,8886,0.005289218996173756
porn,11,8886,0.0012379023182534324
