tag,count,total,ratio
gender,720,1015,0.7093596059113301
bearing,95,1015,0.09359605911330049
profession,63,1015,0.06206896551724138
molka,48,1015,0.04729064039408867
metoo,33,1015,0.03251231527093596
abuse,23,1015,0.022660098522167486
demonize,20,1015,0.019704433497536946
trivialize,10,1015,0.009852216748768473
porn,3,1015,0.002955665024630542
