tag,count,total,ratio
gender,6288,8842,0.7111513232300385
bearing,827,8842,0.0935308753675639
profession,573,8842,0.06480434290884415
molka,454,8842,0.05134584935534947
metoo,284,8842,0.0321194299932142
abuse,194,8842,0.02194073738973083
demonize,164,8842,0.01854783985523637
trivialize,47,8842,0.005315539470707985
porn,11,8842,0.0012440624293146346
