tag,count,total,ratio
gender,6310,8879,0.7106656154972407
bearing,834,8879,0.09392949656492848
profession,581,8879,0.06543529676765401
molka,453,8879,0.05101925892555468
metoo,284,8879,0.0319855839621579
abuse,194,8879,0.021849307354431805
demonize,165,8879,0.018583173780831175
trivialize,47,8879,0.005293388895145849
porn,11,8879,0.0012388782520554116
