tag,count,total,ratio
gender,6528,9542,0.6841333053867114
bearing,1164,9542,0.12198700482079229
profession,649,9542,0.06801509117585412
molka,476,9542,0.04988472018444771
metoo,291,9542,0.030496751205198073
abuse,206,9542,0.021588765457975268
demonize,165,9542,0.01729197233284427
trivialize,49,9542,0.005135191783693146
porn,14,9542,0.001467197652483756
