tag,count,total,ratio
gender,6276,8753,0.7170113104078601
bearing,817,8753,0.09333942648234891
profession,507,8753,0.05792299782931566
molka,458,8753,0.05232491717125557
metoo,284,8753,0.032446018507940134
abuse,189,8753,0.021592596823946077
demonize,165,8753,0.01885067976693705
trivialize,46,8753,0.005255341025933965
porn,11,8753,0.00125671198446247
