tag,count,total,ratio
gender,6307,8872,0.7108881875563571
bearing,833,8872,0.09389089269612264
profession,578,8872,0.0651487826871055
molka,454,8872,0.05117222723174031
metoo,284,8872,0.032010820559062216
abuse,194,8872,0.021866546438232642
demonize,164,8872,0.01848512173128945
trivialize,47,8872,0.005297565374211001
porn,11,8872,0.0012398557258791703
