tag,count,total,ratio
gender,6306,8871,0.7108555968887386
bearing,833,8871,0.09390147672190283
profession,578,8871,0.0651561267049938
molka,454,8871,0.05117799571637921
metoo,284,8871,0.03201442903843986
abuse,194,8871,0.021869011385413143
demonize,164,8871,0.018487205501070907
trivialize,47,8871,0.005298162552136174
porn,11,8871,0.0012399954909254876
