tag,count,total,ratio
gender,6282,8759,0.7172051604064391
bearing,817,8759,0.09327548806941431
profession,507,8759,0.057883320013700196
molka,458,8759,0.05228907409521635
metoo,284,8759,0.03242379267039616
abuse,189,8759,0.021577805685580546
demonize,165,8759,0.01883776686836397
trivialize,46,8759,0.005251741066331773
porn,11,8759,0.0012558511245575978
