tag,count,total,ratio
gender,6526,9539,0.6841387986162072
bearing,1164,9539,0.12202536953559073
profession,647,9539,0.06782681622811615
molka,477,9539,0.05000524163958486
metoo,290,9539,0.03040150959220044
abuse,206,9539,0.021595555089632037
demonize,166,9539,0.01740224342174232
trivialize,49,9539,0.005136806793164902
porn,14,9539,0.0014676590837614007
