tag,count,total,ratio
gender,6528,9541,0.6842050099570276
bearing,1164,9541,0.12199979037836704
profession,647,9541,0.06781259826014045
molka,477,9541,0.04999475945917619
metoo,290,9541,0.030395136778115502
abuse,206,9541,0.021591028194109633
demonize,166,9541,0.01739859553505922
trivialize,49,9541,0.005135730007336757
porn,14,9541,0.001467351430667645
