tag,count,total,ratio
gender,6293,8776,0.7170692798541477
bearing,819,8776,0.09332269826800364
profession,510,8776,0.0581130355515041
molka,458,8776,0.05218778486782133
metoo,284,8776,0.03236098450319052
abuse,189,8776,0.021536007292616226
demonize,165,8776,0.018801276207839564
trivialize,47,8776,0.005355515041020966
porn,11,8776,0.0012534184138559708
