tag,count,total,ratio
gender,6293,8712,0.7223370064279155
bearing,814,8712,0.09343434343434344
profession,468,8712,0.05371900826446281
molka,454,8712,0.052112029384756654
metoo,284,8712,0.032598714416896234
abuse,176,8712,0.020202020202020204
demonize,165,8712,0.01893939393939394
trivialize,47,8712,0.00539485766758494
porn,11,8712,0.0012626262626262627
