tag,count,total,ratio
gender,6305,8731,0.7221395029206277
bearing,815,8731,0.09334555033787653
profession,472,8731,0.05406024510365365
molka,454,8731,0.05199862558698889
metoo,285,8731,0.032642309013858666
abuse,176,8731,0.02015805749627763
demonize,166,8731,0.019012713320352766
trivialize,47,8731,0.005383117626846868
porn,11,8731,0.0012598785935173519
