tag,count,total,ratio
gender,6290,8853,0.7104936179826048
bearing,832,8853,0.09397944199706314
profession,578,8853,0.06528860273353665
molka,453,8853,0.05116909522195866
metoo,284,8853,0.032079521066305204
abuse,194,8853,0.02191347565796905
demonize,164,8853,0.01852479385519033
trivialize,47,8853,0.0053089348243533264
porn,11,8853,0.0012425166610188637
