tag,count,total,ratio
gender,6302,8866,0.7108053237085495
bearing,833,8866,0.09395443266411008
profession,578,8866,0.06519287164448455
molka,453,8866,0.05109406722309948
metoo,284,8866,0.03203248364538687
abuse,194,8866,0.021881344461989624
demonize,164,8866,0.01849763140085721
trivialize,47,8866,0.0053011504624407855
porn,11,8866,0.0012406947890818859
