tag,count,total,ratio
gender,546,785,0.6955414012738853
bearing,77,785,0.0980891719745223
molka,49,785,0.062420382165605096
profession,32,785,0.04076433121019108
metoo,28,785,0.035668789808917196
abuse,19,785,0.024203821656050957
demonize,19,785,0.024203821656050957
trivialize,12,785,0.015286624203821656
porn,3,785,0.003821656050955414
