tag,count,total,ratio
gender,6298,8721,0.7221648893475519
bearing,815,8721,0.09345258571264763
profession,470,8721,0.05389290219011581
molka,454,8721,0.05205825020066506
metoo,284,8721,0.03256507281275083
abuse,176,8721,0.020181171883958262
demonize,166,8721,0.01903451439055154
trivialize,47,8721,0.005389290219011581
porn,11,8721,0.0012613232427473914
