tag,count,total,ratio
gender,6271,8745,0.717095483133219
bearing,817,8745,0.09342481417953116
profession,506,8745,0.05786163522012579
molka,456,8745,0.05214408233276158
metoo,284,8745,0.0324757004002287
abuse,189,8745,0.021612349914236707
demonize,165,8745,0.018867924528301886
trivialize,46,8745,0.0052601486563750716
porn,11,8745,0.0012578616352201257
