tag,count,total,ratio
gender,6294,8857,0.7106243649091114
bearing,832,8857,0.09393699898385457
profession,578,8857,0.06525911708253358
molka,453,8857,0.051145986225584285
metoo,284,8857,0.03206503330698882
abuse,194,8857,0.02190357908998532
demonize,164,8857,0.01851642768431749
trivialize,47,8857,0.005306537202212939
porn,11,8857,0.0012419555154115389
