tag,count,total,ratio
gender,6525,9538,0.6841056825330258
bearing,1164,9538,0.12203816313692598
profession,647,9538,0.06783392744810232
molka,477,9538,0.05001048437827637
metoo,290,9538,0.030404697001467813
abuse,206,9538,0.021597819249318514
demonize,166,9538,0.01740406793877123
trivialize,49,9538,0.005137345355420424
porn,14,9538,0.0014678129586915495
