tag,count,total,ratio
gender,6292,8774,0.7171187599726464
bearing,819,8774,0.0933439708228858
profession,509,8774,0.05801230909505357
molka,458,8774,0.052199680875313424
metoo,284,8774,0.03236836106678824
abuse,189,8774,0.021540916343742878
demonize,165,8774,0.018805561887394576
trivialize,47,8774,0.005356735810348757
porn,11,8774,0.001253704125826305
