tag,count,total,ratio
gender,6297,8860,0.7107223476297968
bearing,832,8860,0.09390519187358916
profession,578,8860,0.06523702031602709
molka,453,8860,0.05112866817155756
metoo,284,8860,0.032054176072234764
abuse,194,8860,0.021896162528216703
demonize,164,8860,0.01851015801354402
trivialize,47,8860,0.005304740406320542
porn,11,8860,0.0012415349887133183
