tag,count,total,ratio
gender,6298,8781,0.7172303837831682
bearing,819,8781,0.09326955927570892
profession,510,8781,0.05807994533652203
molka,458,8781,0.05215806855711195
metoo,284,8781,0.03234255779523972
abuse,189,8781,0.02152374444824052
demonize,165,8781,0.018790570550051247
trivialize,47,8781,0.005352465550620658
porn,11,8781,0.0012527047033367498
