tag,count,total,ratio
gender,6367,9031,0.7050160558077733
bearing,880,9031,0.09744214372716199
profession,609,9031,0.06743439264754733
molka,462,9031,0.05115712545676005
metoo,288,9031,0.03189015612888938
abuse,199,9031,0.022035212047392314
demonize,165,9031,0.018270401948842874
trivialize,49,9031,0.0054257557302624295
porn,12,9031,0.0013287565053703909
