tag,count,total,ratio
gender,719,1026,0.7007797270955166
bearing,96,1026,0.0935672514619883
profession,65,1026,0.06335282651072124
molka,53,1026,0.05165692007797271
metoo,34,1026,0.03313840155945419
abuse,23,1026,0.022417153996101363
demonize,20,1026,0.01949317738791423
trivialize,13,1026,0.012670565302144249
porn,3,1026,0.0029239766081871343
