tag,count,total,ratio
gender,6311,8903,0.7088621812872066
bearing,854,8903,0.09592272267774907
profession,583,8903,0.06548354487251488
molka,455,8903,0.05110636863978434
metoo,284,8903,0.031899359766370886
abuse,193,8903,0.021678086038414018
demonize,165,8903,0.018533078737504212
trivialize,47,8903,0.005279119397955745
porn,11,8903,0.0012355385825002809
