tag,count,total,ratio
gender,6292,8855,0.7105590062111802
bearing,832,8855,0.09395821569734614
profession,578,8855,0.0652738565782044
molka,453,8855,0.051157538114059854
metoo,284,8855,0.03207227555053642
abuse,194,8855,0.021908526256352343
demonize,164,8855,0.01852060982495765
trivialize,47,8855,0.0053077357425183515
porn,11,8855,0.0012422360248447205
